<?xml version="1.0" encoding="UTF-8" standalone="yes"?>
<unit xmlns="http://www.srcML.org/srcML/src" revision="0.9.5" language="Java" filename="Users/saharmehrpour/Documents/Workspace/BankApplication/src/com/bankapplication/util/Auth.java"><comment type="block">/*
 * To change this license header, choose License Headers in Project Properties.
 * To change this template file, choose Tools | Templates
 * and open the template in the editor.
 */</comment>
<package>package <name><name>com</name><operator>.</operator><name>bankapplication</name><operator>.</operator><name>util</name></name>;</package>
<comment type="block" format="javadoc">/**
 * @name Authenticated
 * @author derickfelix
 * @date Oct 14, 2017
 */</comment>
<class><specifier>public</specifier> class <name>Auth</name> <block>{
    <decl_stmt><decl><specifier>private</specifier> <specifier>static</specifier> <type><name>String</name></type> <name>accountNumber</name></decl>;</decl_stmt>
    <decl_stmt><decl><specifier>private</specifier> <specifier>static</specifier> <type><name>String</name></type> <name>name</name></decl>;</decl_stmt>
    <decl_stmt><decl><specifier>private</specifier> <specifier>static</specifier> <type><name>String</name></type> <name>type</name></decl>;</decl_stmt>
    <function><specifier>public</specifier> <specifier>static</specifier> <type><name>String</name></type> <name>name</name><parameter_list>()</parameter_list> <block>{
        <return>return <expr><name>name</name></expr>;</return>
    }</block></function>
    <function><specifier>public</specifier> <specifier>static</specifier> <type><name>String</name></type> <name>accountNumber</name><parameter_list>()</parameter_list> <block>{
        <return>return <expr><name>accountNumber</name></expr>;</return>
    }</block></function>
    <function><specifier>public</specifier> <specifier>static</specifier> <type><name>String</name></type> <name>type</name><parameter_list>()</parameter_list> <block>{
        <return>return <expr><name>type</name></expr>;</return>
    }</block></function>
    <function><specifier>public</specifier> <specifier>static</specifier> <type><name>void</name></type> <name>setAccountNumber</name></function></block></class></unit>
