<?xml version="1.0"?>

<ruleset name="Custom Rules"
         xmlns="http://pmd.sourceforge.net/ruleset/2.0.0"
         xmlns:xsi="http://www.w3.org/2001/XMLSchema-instance"
         xsi:schemaLocation="http://pmd.sourceforge.net/ruleset/2.0.0 https://pmd.sourceforge.io/ruleset_2_0_0.xsd">
    <description>
        Custom rules
    </description>

    <rule name="OperationController field"
          language="java"
          message="OperationController must have a OperrationRepository field"
          class="net.sourceforge.pmd.lang.rule.XPathRule">
        <!-- externalInfoUrl="TODO"--> >
        <description>
            Required for managing the state.
        </description>
        <priority>3</priority>
        <properties>
            <property name="xpath">
                <value>
                    <![CDATA[
//TypeDeclaration/ClassOrInterfaceDeclaration[@Image="OperationController"]/ClassOrInterfaceBody/ClassOrInterfaceBodyDeclaration/FieldDeclaration/Type[@TypeImage="OperationRepository"]
]]>
                </value>
            </property>
        </properties>
    </rule>


    <rule name="BankApplication methods"
          language="java"
          message="BankApplication must contain the following five methods: store, update, deposit, withdraw, and destroy"
          class="net.sourceforge.pmd.lang.rule.XPathRule">
        <!-- externalInfoUrl="TODO"--> >
        <description>
            Required for maintaining the functionality of the bank application interaction.
        </description>
        <priority>3</priority>
        <properties>
            <property name="xpath">
                <value>
                    <![CDATA[
//TypeDeclaration/ClassOrInterfaceDeclaration/MethodDeclaration/Void=True and !MethodName=[store,update,deposit,withdraw,destroy]
]]>
                </value>
            </property>
        </properties>
    </rule>

</ruleset>